predicted_position,driverId
3,0
3,0
3,0
3,0
3,0
3,0
3,0
3,0
3,0
3,0
3,0
3,0
3,0
3,0
3,0
3,0
3,0
3,0
3,0
3,0
3,0
3,0
3,0
3,0
3,0
3,0
3,0
3,0
3,0
3,0
3,0
3,0
3,0
3,0
3,0
3,0
3,0
3,0
3,0
3,0
3,0
3,0
3,0
3,0
3,0
3,0
3,0
3,0
3,0
3,0
3,0
3,0
3,0
3,0
3,0
3,0
3,0
3,0
3,0
3,0
3,0
3,0
3,0
3,0
3,0
3,0
3,0
3,0
3,0
3,0
3,0
3,0
3,0
3,0
3,0
3,0
3,0
3,0
3,0
3,0
3,0
3,0
3,0
3,0
3,0
3,0
3,0
3,0
3,0
3,0
3,0
3,0
3,0
3,0
3,0
3,0
3,0
3,0
3,0
3,0
3,0
3,0
3,0
3,0
3,0
3,0
3,0
3,0
3,0
3,0
3,0
3,0
3,0
3,0
3,0
3,0
3,0
3,0
3,0
3,0
3,0
3,0
3,0
3,0
3,0
3,0
3,0
3,0
3,0
3,0
3,0
3,0
3,0
3,0
3,0
3,0
3,0
3,0
3,0
3,0
3,0
3,0
3,0
3,0
3,0
3,0
3,0
3,0
3,0
3,0
3,0
3,0
3,0
3,0
3,0
3,0
3,0
3,0
3,0
3,0
3,0
3,0
3,0
3,0
3,0
3,0
3,0
3,0
3,0
3,0
3,0
3,0
3,0
3,0
3,0
3,0
3,0
3,0
3,0
3,0
3,0
3,0
3,0
3,0
3,0
3,0
3,0
3,0
3,0
3,0
3,0
3,0
3,0
3,0
3,0
3,0
3,0
3,0
3,0
3,0
3,0
3,0
3,0
3,0
3,0
3,0
3,0
3,0
3,0
3,0
3,0
3,0
3,0
3,0
3,0
3,0
3,0
3,0
3,0
3,0
3,0
3,0
3,0
3,0
3,0
3,0
3,0
3,0
3,0
3,0
3,0
3,0
3,0
3,0
3,0
3,0
3,0
3,0
3,0
3,0
3,0
3,0
3,0
3,0
3,0
3,0
3,0
3,0
3,0
3,0
3,0
3,0
3,0
3,0
3,0
3,0
3,0
3,0
3,0
3,0
3,0
3,0
3,0
3,0
3,0
3,0
3,0
3,0
3,0
3,0
3,0
3,0
3,0
3,0
3,0
3,0
3,0
3,0
3,0
3,0
3,0
3,0
3,0
3,0
3,0
3,0
3,0
3,0
3,0
3,0
3,0
3,0
3,0
3,0
3,0
3,0
3,0
3,0
3,0
3,0
3,0
3,0
3,0
3,0
3,0
3,0
3,0
3,0
3,0
3,0
3,0
3,0
3,0
3,0
3,0
3,0
3,0
3,0
3,0
3,0
3,0
3,0
9,1
9,1
9,1
9,1
9,1
9,1
9,1
9,1
9,1
9,1
9,1
9,1
9,1
9,1
9,1
9,1
9,1
9,1
9,1
9,1
9,1
9,1
9,1
9,1
9,1
9,1
9,1
9,1
9,1
9,1
9,1
9,1
9,1
9,1
9,1
9,1
9,1
9,1
9,1
9,1
9,1
9,1
9,1
9,1
9,1
9,1
9,1
9,1
9,1
9,1
9,1
9,1
9,1
9,1
9,1
9,1
9,1
9,1
9,1
9,1
9,1
9,1
9,1
9,1
9,1
9,1
9,1
9,1
9,1
9,1
9,1
9,1
9,1
9,1
9,1
9,1
9,1
9,1
9,1
9,1
9,1
9,1
9,1
9,1
9,1
9,1
9,1
9,1
9,1
9,1
9,1
9,1
9,1
9,1
9,1
9,1
9,1
9,1
9,1
9,1
9,1
9,1
9,1
9,1
9,1
9,1
9,1
9,1
9,1
9,1
9,1
9,1
9,1
9,1
9,1
9,1
9,1
9,1
9,1
9,1
9,1
9,1
9,1
9,1
9,1
9,1
9,1
9,1
9,1
9,1
9,1
9,1
9,1
9,1
9,1
9,1
9,1
9,1
9,1
9,1
9,1
9,1
9,1
9,1
9,1
9,1
9,1
9,1
9,1
9,1
9,1
9,1
9,1
9,1
9,1
9,1
9,1
9,1
9,1
9,1
9,1
9,1
9,1
9,1
9,1
9,1
9,1
9,1
9,1
9,1
9,1
9,1
9,1
9,1
9,1
9,1
9,1
9,1
9,1
9,1
9,1
9,1
9,1
9,1
7,2
7,2
7,2
7,2
7,2
7,2
7,2
7,2
7,2
7,2
7,2
7,2
7,2
7,2
7,2
7,2
7,2
7,2
7,2
7,2
7,2
7,2
7,2
7,2
7,2
7,2
7,2
7,2
7,2
7,2
7,2
7,2
7,2
7,2
7,2
7,2
7,2
7,2
7,2
7,2
7,2
7,2
7,2
7,2
7,2
7,2
7,2
7,2
7,2
7,2
7,2
7,2
7,2
7,2
7,2
7,2
7,2
7,2
7,2
7,2
7,2
7,2
7,2
7,2
7,2
7,2
7,2
7,2
7,2
7,2
7,2
7,2
7,2
7,2
7,2
7,2
7,2
7,2
7,2
7,2
7,2
7,2
7,2
7,2
7,2
7,2
7,2
7,2
7,2
7,2
7,2
7,2
7,2
7,2
7,2
7,2
7,2
7,2
7,2
7,2
7,2
7,2
7,2
7,2
7,2
7,2
7,2
7,2
7,2
7,2
7,2
7,2
7,2
7,2
7,2
7,2
7,2
7,2
7,2
7,2
7,2
7,2
7,2
7,2
7,2
7,2
7,2
7,2
7,2
7,2
7,2
7,2
7,2
7,2
7,2
7,2
7,2
7,2
7,2
7,2
7,2
7,2
7,2
7,2
7,2
7,2
7,2
7,2
7,2
7,2
7,2
7,2
7,2
7,2
7,2
7,2
7,2
7,2
7,2
7,2
7,2
7,2
7,2
7,2
7,2
7,2
7,2
7,2
7,2
7,2
7,2
7,2
7,2
7,2
7,2
7,2
7,2
7,2
7,2
7,2
7,2
7,2
7,2
7,2
7,2
7,2
7,2
7,2
7,2
7,2
7,2
7,2
7,2
7,2
7,2
7,2
7,2
7,2
7,2
7,2
7,2
7,2
7,2
7,2
7,2
7,2
12,3
12,3
12,3
12,3
12,3
12,3
12,3
12,3
12,3
12,3
12,3
12,3
12,3
12,3
12,3
12,3
12,3
12,3
12,3
12,3
12,3
12,3
12,3
12,3
12,3
12,3
12,3
12,3
12,3
12,3
12,3
12,3
12,3
12,3
12,3
12,3
12,3
12,3
12,3
12,3
12,3
12,3
12,3
12,3
12,3
12,3
12,3
12,3
12,3
12,3
12,3
12,3
12,3
12,3
12,3
12,3
12,3
12,3
12,3
12,3
12,3
12,3
12,3
12,3
12,3
12,3
12,3
12,3
12,3
12,3
12,3
12,3
12,3
12,3
12,3
12,3
12,3
12,3
12,3
12,3
12,3
12,3
12,3
12,3
12,3
12,3
12,3
12,3
12,3
12,3
12,3
12,3
12,3
12,3
12,3
12,3
12,3
12,3
12,3
12,3
12,3
12,3
12,3
12,3
12,3
12,3
12,3
12,3
12,3
12,3
12,3
12,3
12,3
12,3
12,3
12,3
12,3
12,3
12,3
12,3
12,3
12,3
12,3
12,3
12,3
12,3
12,3
12,3
12,3
12,3
12,3
12,3
12,3
12,3
12,3
12,3
12,3
12,3
12,3
12,3
12,3
12,3
12,3
12,3
12,3
12,3
12,3
12,3
12,3
12,3
12,3
12,3
12,3
12,3
12,3
12,3
12,3
12,3
12,3
12,3
12,3
12,3
12,3
12,3
12,3
12,3
12,3
12,3
12,3
12,3
12,3
12,3
12,3
12,3
12,3
12,3
12,3
12,3
12,3
12,3
12,3
12,3
12,3
12,3
12,3
12,3
12,3
12,3
12,3
12,3
12,3
12,3
12,3
12,3
12,3
12,3
12,3
12,3
12,3
12,3
12,3
12,3
12,3
12,3
12,3
12,3
12,3
12,3
12,3
12,3
12,3
12,3
12,3
12,3
12,3
12,3
12,3
12,3
12,3
12,3
12,3
12,3
12,3
12,3
12,3
12,3
12,3
12,3
12,3
12,3
12,3
12,3
12,3
12,3
12,3
12,3
12,3
12,3
12,3
12,3
12,3
12,3
12,3
12,3
12,3
12,3
12,3
12,3
12,3
12,3
12,3
12,3
12,3
12,3
12,3
12,3
12,3
12,3
12,3
12,3
12,3
12,3
12,3
12,3
12,3
12,3
12,3
12,3
12,3
12,3
12,3
12,3
12,3
12,3
12,3
12,3
12,3
12,3
12,3
12,3
12,3
12,3
12,3
12,3
12,3
12,3
12,3
12,3
12,3
12,3
12,3
12,3
12,3
12,3
12,3
12,3
12,3
12,3
12,3
12,3
12,3
12,3
12,3
12,3
12,3
12,3
12,3
12,3
12,3
12,3
12,3
12,3
12,3
12,3
12,3
12,3
12,3
12,3
12,3
12,3
12,3
12,3
12,3
12,3
12,3
12,3
12,3
12,3
12,3
12,3
12,3
12,3
12,3
12,3
12,3
12,3
12,3
12,3
12,3
12,3
12,3
12,3
12,3
12,3
12,3
12,3
12,3
12,3
12,3
12,3
12,3
12,3
12,3
12,3
12,3
12,3
12,3
12,3
12,3
12,3
12,3
12,3
12,3
12,3
12,3
12,3
12,3
12,3
12,3
12,3
10,4
10,4
10,4
10,4
10,4
10,4
10,4
10,4
10,4
10,4
10,4
10,4
10,4
10,4
10,4
10,4
10,4
10,4
10,4
10,4
10,4
10,4
10,4
10,4
10,4
10,4
10,4
10,4
10,4
10,4
10,4
10,4
10,4
10,4
10,4
10,4
10,4
10,4
10,4
10,4
10,4
10,4
10,4
10,4
10,4
10,4
10,4
10,4
10,4
10,4
10,4
10,4
10,4
10,4
10,4
10,4
10,4
10,4
10,4
10,4
10,4
10,4
10,4
10,4
10,4
10,4
10,4
10,4
10,4
10,4
10,4
10,4
10,4
10,4
10,4
10,4
10,4
10,4
10,4
10,4
10,4
10,4
10,4
10,4
10,4
10,4
10,4
10,4
10,4
10,4
10,4
10,4
10,4
10,4
10,4
10,4
10,4
10,4
10,4
10,4
10,4
10,4
10,4
10,4
10,4
10,4
10,4
10,4
10,4
10,4
10,4
10,4
10,5
10,5
10,5
10,5
10,5
10,5
10,5
10,5
10,5
10,5
10,5
10,5
10,5
10,5
10,5
10,5
10,5
10,5
10,5
10,5
10,5
10,5
10,5
10,5
10,5
10,5
10,5
10,5
10,5
10,5
10,5
10,5
10,5
10,5
10,5
10,5
7,6
7,6
7,6
7,6
7,6
7,6
7,6
7,6
7,6
7,6
7,6
7,6
7,6
7,6
7,6
7,6
7,6
7,6
7,6
7,6
7,6
7,6
7,6
7,6
7,6
7,6
7,6
6,7
6,7
6,7
6,7
6,7
6,7
6,7
6,7
6,7
6,7
6,7
6,7
6,7
6,7
6,7
6,7
6,7
6,7
6,7
6,7
6,7
6,7
6,7
6,7
6,7
6,7
6,7
6,7
6,7
6,7
6,7
6,7
6,7
6,7
6,7
6,7
6,7
6,7
6,7
6,7
6,7
6,7
6,7
6,7
6,7
6,7
6,7
6,7
6,7
6,7
6,7
6,7
6,7
6,7
6,7
6,7
6,7
6,7
6,7
6,7
6,7
6,7
6,7
6,7
6,7
6,7
6,7
6,7
6,7
6,7
6,7
6,7
6,7
6,7
6,7
6,7
6,7
6,7
6,7
6,7
6,7
6,7
6,7
6,7
6,7
6,7
6,7
6,7
6,7
6,7
6,7
6,7
6,7
6,7
6,7
6,7
6,7
6,7
6,7
6,7
6,7
6,7
6,7
6,7
6,7
6,7
6,7
6,7
6,7
6,7
6,7
6,7
6,7
6,7
6,7
6,7
6,7
6,7
6,7
6,7
6,7
6,7
6,7
6,7
6,7
6,7
6,7
6,7
6,7
6,7
6,7
6,7
6,7
6,7
6,7
6,7
6,7
6,7
6,7
6,7
6,7
6,7
6,7
6,7
6,7
6,7
6,7
6,7
6,7
6,7
6,7
6,7
6,7
6,7
6,7
6,7
6,7
6,7
6,7
6,7
6,7
6,7
6,7
6,7
6,7
6,7
6,7
6,7
6,7
6,7
6,7
6,7
6,7
6,7
6,7
6,7
6,7
6,7
6,7
6,7
6,7
6,7
6,7
6,7
6,7
6,7
6,7
6,7
6,7
6,7
6,7
6,7
6,7
6,7
6,7
6,7
6,7
6,7
6,7
6,7
6,7
6,7
6,7
6,7
6,7
6,7
6,7
6,7
6,7
6,7
6,7
6,7
6,7
6,7
6,7
6,7
6,7
6,7
6,7
6,7
6,7
6,7
6,7
6,7
6,7
6,7
6,7
6,7
6,7
6,7
6,7
6,7
6,7
6,7
6,7
6,7
6,7
6,7
6,7
6,7
6,7
6,7
6,7
6,7
6,7
6,7
6,7
6,7
6,7
6,7
6,7
6,7
6,7
6,7
6,7
6,7
6,7
6,7
6,7
6,7
6,7
6,7
6,7
6,7
6,7
6,7
6,7
6,7
6,7
6,7
6,7
6,7
6,7
6,7
6,7
6,7
6,7
6,7
6,7
6,7
6,7
6,7
6,7
6,7
6,7
6,7
6,7
6,7
6,7
6,7
6,7
6,7
6,7
6,7
6,7
6,7
6,7
6,7
6,7
6,7
6,7
6,7
6,7
6,7
6,7
6,7
6,7
6,7
6,7
6,7
6,7
6,7
6,7
6,7
6,7
6,7
6,7
6,7
6,7
6,7
6,7
6,7
6,7
6,7
6,7
6,7
6,7
6,7
6,7
6,7
6,7
6,7
6,7
6,7
6,7
6,7
6,7
6,7
6,7
6,7
6,7
6,7
6,7
6,7
6,7
6,7
6,7
6,7
6,7
6,7
6,7
6,7
7,9
7,9
7,9
7,9
7,9
7,9
7,9
7,9
7,9
7,9
7,9
7,9
7,9
7,9
7,9
7,9
7,9
7,9
7,9
7,9
7,9
7,9
7,9
7,9
7,9
7,9
7,9
7,9
7,9
7,9
7,9
7,9
7,9
7,9
7,9
7,9
7,9
7,9
7,9
7,9
7,9
7,9
7,9
7,9
7,9
7,9
7,9
7,9
7,9
7,9
7,9
7,9
7,9
7,9
7,9
7,9
7,9
7,9
7,9
7,9
7,9
7,9
7,9
7,9
7,9
7,9
7,9
7,9
7,9
7,9
7,9
7,9
7,9
7,9
7,9
7,9
7,9
7,9
7,9
7,9
7,9
7,9
7,9
7,9
7,9
7,9
7,9
7,9
7,9
7,9
7,9
7,9
7,9
7,9
7,9
9,14
9,14
9,14
9,14
9,14
9,14
9,14
9,14
9,14
9,14
9,14
9,14
9,14
9,14
9,14
9,14
9,14
9,14
9,14
9,14
9,14
9,14
9,14
9,14
9,14
9,14
9,14
9,14
9,14
9,14
9,14
9,14
9,14
9,14
9,14
9,14
9,14
9,14
9,14
9,14
9,14
9,14
9,14
9,14
9,14
9,14
9,14
9,14
9,14
9,14
9,14
9,14
9,14
9,14
9,14
9,14
9,14
9,14
9,14
9,14
9,14
9,14
9,14
9,14
9,14
9,14
9,14
9,14
9,14
9,14
9,14
9,14
9,14
9,14
9,14
9,14
9,14
9,14
9,14
9,14
9,14
9,14
9,14
9,14
9,14
9,14
9,14
9,14
9,14
9,14
9,14
9,14
9,14
9,14
9,14
9,14
9,14
9,14
9,14
9,14
9,14
9,14
9,14
9,14
9,14
9,14
9,14
9,14
9,14
9,14
9,14
9,14
9,14
9,14
9,14
9,14
9,14
9,14
9,14
9,14
9,14
9,14
9,14
9,14
9,14
9,14
9,14
9,14
9,14
9,14
9,14
9,14
9,14
9,14
9,14
9,14
9,14
9,14
9,14
9,14
9,14
9,14
9,14
9,14
9,14
9,14
9,14
9,14
9,14
9,14
9,14
9,14
9,14
9,14
9,14
9,14
9,14
9,14
9,14
9,14
9,14
9,14
9,14
9,14
9,14
9,14
9,14
9,14
9,14
9,14
9,14
9,14
9,14
9,14
9,14
9,14
9,14
9,14
9,14
9,14
9,14
9,14
9,14
9,14
9,14
9,14
9,14
9,14
9,14
9,14
9,14
9,14
9,14
9,14
9,14
9,14
9,14
9,14
9,14
9,14
9,14
9,14
9,14
9,14
9,14
9,14
9,14
9,14
9,14
9,14
9,14
9,14
9,14
9,14
9,14
9,14
9,14
9,14
9,14
9,14
9,14
9,14
9,14
9,14
9,14
9,14
9,14
9,14
9,14
9,14
9,14
9,14
9,14
9,14
9,14
9,14
9,14
9,14
9,14
9,14
9,14
9,14
9,14
9,14
9,14
9,14
9,14
9,14
9,14
9,14
9,14
9,14
9,14
9,14
9,14
9,14
17,15
17,15
17,15
17,15
17,15
17,15
17,15
17,15
17,15
17,15
17,15
17,15
17,15
17,15
17,15
17,15
17,15
17,15
17,15
17,15
17,15
17,15
17,15
17,15
17,15
17,15
17,15
17,15
17,15
17,15
17,15
17,15
17,15
17,15
17,15
17,15
17,15
17,15
17,15
17,15
17,15
17,15
17,15
17,15
17,15
17,15
17,15
17,15
17,15
17,15
17,15
17,15
17,15
17,15
17,15
17,15
17,15
17,15
17,15
17,15
17,15
17,15
17,15
17,15
17,15
17,15
17,15
17,15
17,15
17,15
17,15
17,15
17,15
17,15
17,15
17,15
17,15
17,15
17,15
17,15
17,15
17,15
17,15
17,15
17,15
17,15
17,15
17,15
17,15
17,15
17,15
17,15
17,15
17,15
17,15
17,15
17,15
17,15
17,15
17,15
17,15
17,15
17,15
17,15
17,15
17,15
17,15
17,15
17,15
17,15
17,15
17,15
17,15
17,15
17,15
17,15
17,15
17,15
17,15
17,15
17,15
17,15
17,15
17,15
17,15
17,15
17,15
17,15
5,16
5,16
5,16
5,16
5,16
5,16
5,16
5,16
5,16
5,16
5,16
5,16
5,16
5,16
5,16
5,16
5,16
5,16
5,16
5,16
5,16
5,16
5,16
5,16
5,16
5,16
5,16
5,16
5,16
5,16
5,16
5,16
5,16
5,16
5,16
5,16
5,16
5,16
5,16
5,16
5,16
5,16
5,16
5,16
5,16
5,16
5,16
5,16
5,16
5,16
5,16
5,16
5,16
5,16
5,16
5,16
5,16
5,16
5,16
5,16
5,16
5,16
5,16
5,16
5,16
5,16
5,16
5,16
5,16
5,16
5,16
5,16
5,16
5,16
5,16
5,16
5,16
5,16
5,16
5,16
5,16
5,16
5,16
5,16
5,16
5,16
5,16
5,16
5,16
5,16
5,16
5,16
5,16
5,16
5,16
5,16
5,16
5,16
5,16
5,16
5,16
5,16
5,16
5,16
5,16
5,16
5,16
5,16
5,16
5,16
5,16
5,16
5,16
5,16
5,16
5,16
5,16
5,16
5,16
5,16
5,16
5,16
5,16
5,16
5,16
5,16
5,16
5,16
5,16
5,16
5,16
5,16
5,16
5,16
5,16
5,16
5,16
5,16
5,16
5,16
5,16
5,16
5,16
5,16
5,16
5,16
5,16
5,16
5,16
5,16
5,16
5,16
5,16
5,16
5,16
5,16
5,16
5,16
5,16
5,16
5,16
5,16
5,16
5,16
5,16
5,16
5,16
5,16
5,16
5,16
5,16
5,16
5,16
5,16
5,16
5,16
5,16
5,16
5,16
5,16
5,16
5,16
5,16
5,16
5,16
5,16
5,16
5,16
5,16
5,16
5,16
5,16
5,16
5,16
5,16
5,16
5,16
5,16
5,16
5,16
5,16
5,16
5,16
5,16
5,16
5,16
5,16
5,16
5,16
5,16
5,16
5,16
5,16
5,16
5,16
5,16
5,16
8,19
8,19
8,19
8,19
8,19
8,19
8,19
8,19
8,19
8,19
8,19
8,19
8,19
8,19
8,19
8,19
8,19
8,19
8,19
8,19
8,19
8,19
8,19
8,19
8,19
8,19
8,19
8,19
8,19
8,19
8,19
8,19
8,19
8,19
8,19
8,19
8,19
8,19
8,19
8,19
8,19
8,19
8,19
8,19
8,19
8,19
8,19
8,19
8,19
8,19
8,19
8,19
8,19
8,19
8,19
8,19
8,19
8,19
8,19
8,19
8,19
8,19
8,19
8,19
8,19
8,19
8,19
8,19
8,19
8,19
8,19
8,19
8,19
8,19
8,19
8,19
8,19
8,19
8,19
8,19
8,19
8,19
8,19
8,19
8,19
8,19
8,19
8,19
8,19
8,19
8,19
8,19
8,19
8,19
8,19
8,19
8,19
8,19
8,19
8,19
8,19
8,19
8,19
8,19
8,19
8,19
8,19
8,19
8,19
8,19
8,19
8,19
8,19
8,19
8,19
8,19
8,19
8,19
8,19
8,19
8,19
8,19
8,19
8,19
8,19
8,19
8,19
8,19
8,19
8,19
8,19
8,19
8,19
8,19
8,19
8,19
8,19
8,19
8,19
8,19
8,19
8,19
8,19
8,19
8,19
8,19
8,19
8,19
8,19
8,19
8,19
8,19
8,19
8,19
8,19
8,19
8,19
8,19
8,19
8,19
8,19
8,19
8,19
8,19
8,19
8,19
8,19
8,19
8,19
8,19
8,19
8,19
8,19
8,19
8,19
8,19
8,19
8,19
8,19
8,19
8,19
8,19
8,19
8,19
8,19
8,19
8,19
8,19
8,19
8,19
8,19
8,19
8,19
8,19
8,19
8,19
8,19
8,19
8,19
8,19
8,19
8,19
8,19
8,19
8,19
8,19
8,19
8,19
8,19
8,19
8,19
8,19
8,19
8,19
8,19
8,19
8,19
8,19
8,19
8,19
8,19
8,19
8,19
8,19
8,19
8,19
8,19
8,19
8,19
8,19
8,19
8,19
8,19
8,19
8,19
8,19
8,19
8,19
8,19
8,19
8,19
8,19
8,19
8,19
8,19
8,19
8,19
8,19
8,19
8,19
8,19
8,19
8,19
8,19
8,19
8,19
8,19
8,19
8,19
8,19
8,19
8,19
8,19
8,19
8,19
8,19
8,19
8,19
8,19
8,19
8,19
8,19
8,19
8,19
8,19
8,19
8,19
8,19
8,19
8,19
8,19
8,19
8,19
8,19
8,19
8,19
8,19
8,19
8,19
8,19
8,19
8,19
8,19
8,19
8,19
8,19
8,19
8,19
8,19
8,19
8,23
8,23
8,23
8,23
8,23
8,23
8,23
8,23
8,23
8,23
8,23
8,23
8,23
8,23
8,23
8,23
8,23
8,23
8,23
8,23
8,23
8,23
8,23
8,23
8,23
8,23
8,23
8,23
8,23
8,23
8,23
8,23
8,23
8,23
8,23
8,23
8,23
8,23
8,23
8,23
8,23
8,23
8,23
8,23
8,23
8,23
8,23
8,23
8,23
8,23
8,23
8,23
8,23
8,23
8,23
8,23
8,23
8,23
8,23
8,23
8,23
8,23
8,23
8,23
8,23
8,23
8,23
8,23
8,23
8,23
8,23
8,23
8,23
8,23
8,23
8,23
8,23
8,23
8,23
8,23
8,23
13,25
13,25
13,25
13,25
13,25
13,25
13,25
13,25
13,25
13,25
13,25
13,25
13,25
13,25
13,25
13,25
13,25
13,25
13,25
13,25
13,25
13,25
13,25
13,25
13,25
13,25
13,25
13,25
11,31
11,31
11,31
11,31
11,31
11,31
11,31
11,31
11,31
11,31
11,31
11,31
11,31
11,31
11,31
11,31
11,31
11,31
11,31
11,31
11,31
11,31
11,31
11,31
11,31
11,31
11,31
11,31
11,31
11,31
11,31
11,31
11,31
11,31
11,31
11,31
11,31
11,31
11,31
11,31
11,31
11,31
11,31
11,31
11,31
11,31
11,31
11,31
11,31
11,31
11,31
16,32
16,32
16,32
16,32
16,32
16,32
16,32
16,32
16,32
16,32
16,32
16,32
16,32
16,32
16,32
16,32
16,32
16,32
16,32
16,32
16,32
16,32
16,32
16,32
16,32
16,32
16,32
16,32
16,32
16,32
16,32
16,32
16,32
16,32
16,32
16,32
16,32
2,34
2,34
2,34
2,34
2,34
2,34
2,34
2,34
2,34
2,34
2,34
2,34
2,34
2,34
2,34
2,34
2,34
2,34
2,34
2,34
2,34
2,34
2,34
2,34
2,34
2,34
2,34
2,34
2,34
2,34
2,34
2,34
2,34
2,34
2,34
2,34
2,34
2,34
2,34
2,34
2,34
2,34
2,34
2,34
2,34
2,34
2,34
2,34
2,34
2,34
2,34
2,34
2,34
2,34
2,34
2,34
2,34
2,34
2,34
2,34
2,34
2,34
2,34
2,34
2,34
2,34
2,34
2,34
2,34
2,34
2,34
2,34
2,34
2,34
2,34
2,34
2,34
2,34
2,34
2,34
2,34
2,34
2,34
2,34
2,34
2,34
2,34
2,34
2,34
2,34
2,34
2,34
2,34
2,34
2,34
2,34
2,34
2,34
2,34
2,34
2,34
2,34
2,34
2,34
2,34
2,34
2,34
2,34
2,34
2,34
2,34
2,34
2,34
2,34
2,34
2,34
2,34
2,34
2,34
2,34
2,34
2,34
2,34
2,34
2,34
2,34
2,34
2,34
2,34
2,34
2,34
2,34
2,34
2,34
2,34
2,34
2,34
2,34
2,34
2,34
2,34
2,34
2,34
2,34
2,34
2,34
2,34
2,34
2,34
2,34
2,34
2,34
2,34
2,34
2,34
2,34
2,34
2,34
2,34
2,34
2,34
2,34
2,34
2,34
2,34
6,36
6,36
6,36
6,36
6,36
6,36
6,36
6,36
6,36
6,36
6,36
6,36
6,36
6,36
6,36
6,36
6,36
6,36
6,36
6,36
6,36
6,36
6,36
6,36
6,36
6,36
6,36
6,36
6,36
6,36
6,36
6,36
6,36
6,36
6,36
6,36
6,36
6,36
6,36
6,36
6,36
6,36
6,36
6,36
6,36
6,36
6,36
6,36
6,36
6,36
6,36
6,36
6,36
6,36
6,36
6,36
6,36
6,36
6,36
6,36
6,36
6,36
6,36
6,36
6,36
6,36
6,36
6,36
6,36
6,36
6,36
6,36
6,36
6,36
6,36
6,36
6,36
6,36
6,36
6,36
6,36
6,36
6,36
6,36
6,36
6,36
6,36
6,36
6,36
6,36
6,36
6,36
6,36
6,36
6,36
6,36
6,36
6,36
6,36
6,36
6,36
6,36
6,36
6,36
6,36
6,36
6,36
18,37
18,37
18,37
18,37
18,37
18,37
18,37
18,37
18,37
18,37
18,37
15,38
15,38
15,38
15,38
15,38
15,38
15,38
15,38
15,38
15,38
15,38
15,38
15,38
15,38
15,38
15,38
15,38
15,38
15,38
15,38
15,38
15,38
15,38
15,38
15,38
15,38
15,38
15,38
15,38
15,38
15,38
15,38
15,38
15,38
15,38
15,38
15,38
15,38
15,38
15,38
15,38
15,38
15,38
15,38
15,38
15,38
15,38
15,38
17,39
17,39
17,39
17,39
17,39
17,39
17,39
17,39
17,39
17,39
17,39
9,40
9,40
9,40
9,40
9,40
9,40
9,40
9,40
9,40
9,40
9,40
9,40
9,40
9,40
9,40
9,40
9,40
9,40
9,40
9,40
9,40
9,40
9,40
9,40
9,40
9,40
9,40
9,40
9,40
9,40
9,40
9,40
9,40
9,40
9,40
9,40
9,40
9,40
13,41
13,41
13,41
13,41
13,41
13,41
13,41
13,41
13,41
13,41
13,41
13,41
13,41
13,41
13,41
13,41
13,41
13,41
13,41
13,41
11,43
11,43
11,43
11,43
11,43
11,43
11,43
11,43
11,43
11,43
11,43
11,43
11,43
11,43
11,43
11,43
11,43
11,43
11,43
11,43
11,43
11,43
11,43
11,43
11,43
11,43
11,43
11,43
11,43
11,43
11,43
11,43
11,43
11,43
11,43
11,43
11,43
11,43
11,43
11,43
11,43
11,43
11,43
11,43
11,43
11,43
11,43
11,43
11,43
11,43
11,43
11,43
11,43
11,43
11,43
11,43
11,43
11,43
11,43
11,43
11,43
11,43
11,43
11,43
11,43
11,43
11,43
11,43
11,43
11,43
11,43
11,43
11,43
11,43
11,43
11,43
11,43
11,43
11,43
11,43
11,43
11,43
11,43
11,43
11,43
11,43
11,43
11,43
11,43
11,43
11,43
11,43
11,43
11,43
11,43
11,43
11,43
11,43
11,43
11,43
11,43
11,43
11,43
11,43
11,43
11,43
11,43
11,43
11,43
11,43
11,43
11,43
11,43
11,43
11,43
11,43
11,43
11,43
11,43
11,43
11,43
11,43
11,43
11,43
11,43
11,43
11,43
11,43
11,43
11,43
11,43
11,43
11,43
11,43
11,43
11,43
11,43
11,43
11,43
11,43
11,43
11,43
11,43
11,43
11,43
11,43
11,43
11,43
11,43
11,43
11,43
11,43
11,43
11,43
11,43
11,43
11,43
11,43
14,44
14,44
14,44
14,44
14,44
14,44
14,44
14,44
14,44
14,44
14,44
14,44
14,44
14,44
17,45
17,45
17,45
17,45
17,45
17,45
17,45
17,45
17,45
17,45
17,45
17,45
17,45
17,45
17,45
17,45
17,45
17,45
12,52
12,52
12,52
12,52
12,52
11,53
11,53
11,53
11,53
11,53
11,53
11,53
11,53
11,53
11,53
11,53
11,53
11,53
11,53
11,53
4,54
4,54
4,54
4,54
4,54
4,54
4,54
4,54
4,54
4,54
4,54
4,54
4,54
4,54
4,54
4,54
4,54
4,54
4,54
4,54
4,54
4,54
4,54
4,54
4,54
4,54
4,54
4,54
4,54
4,54
4,54
4,54
4,54
4,54
4,54
4,54
4,54
4,54
4,54
4,54
4,54
4,54
4,54
4,54
4,54
4,54
4,54
4,54
4,54
4,54
4,54
4,54
4,54
4,54
4,54
4,54
4,54
4,54
4,54
4,54
4,54
4,54
4,54
4,54
4,54
4,54
4,54
4,54
4,54
4,54
4,54
4,54
4,54
4,54
4,54
4,54
4,54
4,54
4,54
4,54
4,54
4,54
4,54
4,54
4,54
4,54
4,54
4,54
4,54
4,54
4,54
4,54
4,54
4,54
4,54
4,54
4,54
4,54
4,54
4,54
4,54
4,54
4,54
4,54
4,54
4,54
4,54
4,54
4,54
4,54
4,54
4,54
4,54
4,54
4,54
4,54
4,54
4,54
4,54
4,54
4,54
4,54
4,54
4,54
4,54
4,54
4,54
4,54
4,54
4,54
4,54
4,54
4,54
4,54
4,54
4,54
4,54
4,54
4,54
4,54
4,54
4,54
4,54
4,54
4,54
4,54
4,54
4,54
4,54
4,54
4,54
4,54
4,54
4,54
4,54
4,54
4,54
4,54
4,54
4,54
4,54
4,54
4,54
4,54
4,54
4,54
4,54
4,54
4,54
4,54
4,54
4,54
4,54
4,54
4,54
4,54
4,54
4,54
4,54
4,54
4,54
4,54
4,54
4,54
4,54
4,54
4,54
4,54
4,54
4,54
4,54
4,54
4,54
4,54
4,54
4,54
4,54
4,54
4,54
4,54
4,54
4,54
6,55
6,55
6,55
6,55
6,55
6,55
6,55
6,55
6,55
6,55
6,55
6,55
6,55
6,55
6,55
6,55
6,55
6,55
6,55
6,55
6,55
6,55
6,55
6,55
6,55
6,55
6,55
6,55
6,55
6,55
6,55
6,55
6,55
6,55
6,55
6,55
6,55
6,55
6,55
6,55
6,55
6,55
6,55
6,55
6,55
6,55
6,55
6,55
6,55
6,55
6,55
6,55
6,55
6,55
6,55
6,55
6,55
6,55
6,55
6,55
6,55
6,55
6,55
6,55
6,55
6,55
6,55
6,55
6,55
6,55
6,55
6,55
6,55
6,55
6,55
6,55
6,55
6,55
6,55
6,55
6,55
6,55
6,55
6,55
6,55
6,55
6,55
6,55
6,55
6,55
6,55
6,55
6,55
6,55
6,55
6,55
6,55
6,55
6,55
6,55
6,55
6,55
6,55
6,55
6,55
6,55
6,55
6,55
6,55
6,55
6,55
6,55
6,55
6,55
6,55
6,55
6,55
6,55
6,55
6,55
6,55
6,55
6,55
6,55
6,55
6,55
6,55
6,55
6,55
6,55
6,55
6,55
6,55
6,55
6,55
6,55
6,55
6,55
6,55
6,55
6,55
6,55
6,55
6,55
6,55
6,55
6,55
13,56
13,56
13,56
13,56
13,56
13,56
13,56
13,56
13,56
13,56
13,56
13,56
13,56
13,56
13,56
13,56
13,56
13,56
13,56
13,56
13,56
13,56
13,56
13,56
13,56
13,56
13,56
13,56
13,56
13,56
13,56
13,56
13,56
13,56
13,56
13,56
13,56
13,56
13,56
13,56
13,56
13,56
13,56
13,56
13,56
13,56
13,56
13,56
13,56
13,56
13,56
13,56
13,56
13,56
13,56
13,56
13,56
13,56
13,56
13,56
13,56
13,56
13,56
13,56
13,56
13,56
13,56
13,56
13,56
13,56
13,56
13,56
13,56
13,56
13,56
13,56
13,56
13,56
13,56
13,56
13,56
13,56
13,56
13,56
13,56
13,56
13,56
13,56
13,56
13,56
13,56
13,56
13,56
13,56
13,56
13,56
13,56
13,56
13,56
13,56
13,56
13,56
13,56
13,56
13,56
13,56
13,56
13,56
13,56
13,56
13,56
13,56
13,56
13,56
13,56
13,56
13,56
13,56
13,56
13,56
13,56
13,56
13,56
13,56
13,56
13,56
13,56
13,56
13,56
13,56
13,56
13,56
13,56
13,56
13,56
13,56
13,56
13,56
13,56
13,56
13,56
13,56
13,56
13,56
13,56
13,56
13,56
13,56
13,56
13,56
13,56
13,56
13,56
13,56
13,56
13,56
13,56
13,56
13,56
13,56
13,56
13,56
13,56
13,56
13,56
13,59
13,59
13,59
13,59
13,59
13,59
13,59
13,59
13,59
13,59
13,59
13,59
13,59
13,59
13,59
13,59
13,59
13,59
13,59
13,59
13,59
12,60
12,60
12,60
10,62
10,62
10,62
10,62
10,62
10,62
10,62
10,62
10,62
10,62
10,62
10,62
10,62
10,62
10,62
10,62
10,62
10,62
10,62
10,62
10,62
10,62
10,62
10,62
10,62
10,62
10,62
10,62
10,62
10,62
10,62
10,62
10,62
10,62
10,62
10,62
10,62
10,62
10,62
10,62
10,62
10,62
10,62
10,62
10,62
10,62
10,62
10,62
10,62
10,62
10,62
10,62
10,62
10,62
10,62
10,62
10,62
10,62
10,62
10,62
10,62
10,62
10,62
10,62
10,62
10,62
10,62
10,62
10,62
10,62
10,62
10,62
10,62
10,62
10,62
10,62
10,62
10,62
10,62
10,62
10,62
10,62
10,62
10,62
10,62
10,62
10,62
10,62
10,62
10,62
10,62
10,62
10,62
10,62
10,62
10,62
10,62
10,62
10,62
10,62
10,62
10,62
10,62
10,62
10,62
10,62
10,62
10,62
10,62
10,62
10,62
10,63
10,63
10,63
10,63
10,63
10,63
10,63
10,63
10,63
10,63
10,63
10,63
10,63
10,63
10,63
10,63
10,63
10,63
10,63
10,63
10,63
10,63
10,63
10,63
10,63
10,63
10,63
10,63
10,63
10,63
10,63
10,63
10,63
10,63
10,63
10,63
10,63
10,63
10,63
10,63
10,63
10,63
10,63
10,63
10,63
10,63
10,63
10,63
10,63
10,63
10,63
10,63
10,63
10,63
10,63
10,63
10,63
10,63
10,63
10,63
10,63
10,63
10,63
10,63
10,63
10,63
10,63
10,63
10,63
10,63
10,63
10,63
10,63
10,63
10,63
10,63
10,63
10,63
10,63
10,63
10,63
10,63
10,63
10,63
10,63
10,63
10,63
10,63
10,63
10,63
10,63
10,63
10,63
10,63
10,63
10,63
10,63
10,63
10,63
4,64
4,64
4,64
4,64
4,64
4,64
4,64
4,64
4,64
4,64
4,64
4,64
4,64
4,64
4,64
4,64
4,64
4,64
4,64
4,64
4,64
4,64
4,64
4,64
4,64
4,64
4,64
4,64
4,64
4,64
4,64
4,64
4,64
4,64
4,64
4,64
4,64
4,64
4,64
4,64
4,64
4,64
4,64
4,64
4,64
4,64
4,64
4,64
4,64
4,64
4,64
4,64
4,64
4,64
4,64
4,64
4,64
4,64
4,64
4,64
4,64
4,64
4,64
4,64
4,64
4,64
4,64
4,64
4,64
4,64
4,64
4,64
4,64
4,64
4,64
4,64
4,64
4,64
4,64
4,64
4,64
4,64
4,64
4,64
4,64
4,64
4,64
4,64
4,64
4,64
4,64
4,64
4,64
4,64
4,64
4,64
4,64
4,64
4,64
4,64
4,64
4,64
4,64
4,64
4,64
4,64
4,64
4,64
4,64
4,64
4,64
4,64
4,64
4,64
4,64
4,64
4,64
4,64
4,64
4,64
4,64
4,64
4,64
4,64
4,64
4,64
4,64
4,64
4,64
4,64
4,64
4,64
4,64
4,64
4,64
4,64
4,64
4,64
4,64
4,64
4,64
4,64
4,64
4,64
4,64
4,64
4,64
4,64
4,64
4,64
4,64
4,64
4,64
4,64
4,64
4,64
4,64
4,64
4,64
4,64
4,64
4,64
4,64
4,64
4,64
7,66
7,66
7,66
7,66
7,66
7,66
7,66
7,66
7,66
7,66
7,66
7,66
7,66
7,66
7,66
7,66
7,66
7,66
7,66
7,66
7,66
7,66
7,66
7,66
7,66
7,66
7,66
7,66
7,66
7,66
7,66
7,66
7,66
7,66
7,66
7,66
7,66
7,66
7,66
7,66
7,66
7,66
7,66
7,66
7,66
7,66
7,66
7,66
7,66
7,66
7,66
7,66
7,66
7,66
7,66
9,69
9,69
9,69
9,69
9,69
9,69
9,69
9,69
9,69
9,69
9,69
9,69
9,69
9,69
9,69
9,69
9,69
9,69
9,69
9,69
9,69
9,69
9,69
9,69
9,69
9,69
9,69
9,69
9,69
9,69
9,69
9,69
9,69
9,69
9,69
9,69
9,69
9,69
9,69
9,69
9,69
9,69
9,69
9,69
9,72
9,72
9,72
9,72
9,72
9,72
9,72
9,72
9,72
9,72
9,72
9,72
9,72
9,72
9,72
9,72
9,72
9,72
9,72
9,72
9,72
9,72
9,72
9,72
9,72
9,72
9,72
9,72
9,72
9,72
7,74
7,74
7,74
7,74
7,74
7,74
7,74
7,74
7,74
7,74
7,74
7,74
7,74
7,74
7,74
7,74
7,74
7,74
7,74
7,74
7,74
7,74
7,74
7,74
7,74
7,74
7,74
7,74
7,74
7,74
7,74
7,74
7,74
10,75
10,75
10,75
10,75
10,75
10,75
10,75
10,75
10,75
10,75
10,75
10,75
10,75
10,75
10,75
10,75
10,75
10,75
10,75
10,75
10,75
10,75
10,75
10,75
10,75
12,76
12,76
12,76
12,76
12,76
12,76
12,76
12,76
12,76
12,76
12,76
12,76
12,76
12,76
12,76
12,76
12,76
12,76
12,76
12,76
12,76
12,76
12,76
12,76
12,76
12,76
12,76
12,76
12,76
12,76
12,76
12,76
12,76
12,76
12,76
12,76
12,76
12,76
12,76
12,76
12,76
12,76
12,76
12,76
12,76
12,76
12,76
12,76
12,76
12,76
12,76
12,76
12,76
12,76
12,76
12,76
12,76
12,76
12,76
12,76
12,76
12,76
12,76
12,76
12,76
12,76
12,76
12,76
12,76
12,76
12,76
12,76
12,76
12,76
12,76
12,76
12,76
12,76
12,76
12,76
12,76
12,76
12,76
12,76
12,76
12,76
12,76
12,76
12,76
12,76
12,76
12,76
12,76
12,76
12,76
12,76
12,76
12,76
12,76
12,76
12,76
12,76
12,76
12,76
12,76
12,76
12,76
12,76
12,76
12,76
12,76
12,76
12,76
12,76
12,76
12,76
12,76
12,76
12,76
12,76
12,76
12,76
12,76
12,76
12,76
12,76
12,76
12,76
12,76
12,76
12,76
12,76
12,76
12,76
12,76
12,76
12,76
12,76
12,76
12,76
12,76
12,76
12,76
12,76
12,76
12,76
12,76
12,76
12,76
12,76
12,76
12,76
12,76
12,76
12,76
12,76
12,76
12,76
12,76
12,76
12,76
12,76
12,76
12,76
12,76
12,76
12,76
12,76
12,76
12,76
12,76
12,76
12,76
12,76
12,76
12,76
12,76
12,76
12,76
12,76
12,76
12,76
12,76
12,76
12,76
12,76
12,76
12,76
12,76
12,76
12,76
12,76
12,76
12,76
12,76
12,76
12,76
12,76
12,76
12,76
12,76
12,76
12,76
12,76
12,76
12,76
12,76
12,76
12,76
12,76
12,78
12,78
12,78
12,78
12,78
12,78
12,78
12,78
12,78
12,78
12,78
12,78
12,78
12,78
12,78
12,78
12,78
12,78
12,78
12,78
12,78
12,78
12,78
12,78
12,78
12,78
12,78
12,78
12,78
12,78
12,78
12,78
12,78
12,78
12,78
12,78
12,78
12,78
12,78
12,78
12,78
12,78
12,78
12,78
12,78
12,78
12,78
12,78
12,78
12,78
12,78
12,78
12,78
12,78
12,78
12,78
12,78
12,78
12,78
12,78
12,78
12,78
12,78
12,78
12,78
12,78
12,78
12,78
12,78
12,78
12,78
12,78
12,78
12,78
12,78
12,78
12,78
12,78
12,78
12,78
12,78
12,78
12,78
12,78
12,78
12,78
12,78
12,78
12,78
12,78
12,78
12,78
12,78
12,78
12,78
12,78
12,78
11,82
11,82
11,82
11,82
11,82
11,82
11,82
11,82
11,82
11,82
11,82
11,82
11,82
11,82
11,82
11,82
11,82
11,82
11,82
11,82
11,82
11,82
11,82
11,82
11,82
11,82
11,82
11,82
11,82
11,82
11,82
11,82
9,83
9,83
9,83
9,83
9,83
9,83
9,83
9,83
9,83
9,83
9,83
9,83
9,83
9,83
9,83
9,83
9,83
9,83
9,83
9,83
9,83
9,83
9,83
9,83
9,83
9,83
9,83
9,83
9,83
9,83
9,83
9,83
9,83
9,83
9,83
9,83
9,83
9,83
9,83
9,83
9,83
9,83
9,83
9,83
9,83
9,83
9,83
9,83
9,83
9,83
9,83
9,83
9,83
9,83
9,83
9,83
9,83
9,83
9,83
9,83
9,83
9,83
9,83
9,83
9,83
9,83
9,83
9,83
9,83
9,83
9,83
9,83
9,83
9,83
9,83
9,83
9,83
9,83
9,83
9,83
9,83
9,83
9,83
9,83
9,83
9,83
9,83
9,83
9,83
9,83
9,83
9,83
9,83
9,83
9,83
9,83
9,83
9,83
9,83
9,83
9,83
9,83
9,83
9,83
9,83
9,83
9,83
9,83
9,83
9,83
9,83
9,83
9,83
9,83
9,83
9,83
9,83
9,83
9,83
9,83
9,83
9,83
9,83
9,83
9,83
9,83
9,83
9,83
9,83
9,83
9,83
9,83
9,83
9,83
9,83
9,83
9,83
9,83
9,83
9,83
9,83
9,83
9,83
9,83
9,83
9,83
9,83
9,83
9,83
9,83
9,83
9,83
9,83
9,83
9,83
9,83
9,83
9,83
9,83
9,83
9,83
9,83
9,83
9,83
9,83
8,95
8,95
8,95
8,95
8,95
8,95
8,95
8,95
8,95
8,95
8,95
11,102
11,102
11,102
11,102
11,102
11,102
11,102
11,102
11,102
11,102
11,102
11,102
11,102
11,102
11,102
11,102
11,102
11,102
11,102
11,102
11,102
11,102
11,102
11,102
11,102
11,102
11,102
11,102
11,102
11,102
11,102
11,102
11,102
11,102
11,102
11,102
11,102
11,102
11,102
11,102
11,102
11,102
11,102
11,102
11,102
11,102
11,102
7,104
7,104
7,104
7,104
7,104
7,104
7,104
7,104
7,104
7,104
7,104
7,104
7,104
7,104
7,104
7,104
7,104
7,104
7,104
7,104
7,104
7,104
7,104
7,104
7,104
7,104
7,104
7,104
7,104
7,104
7,104
7,104
7,104
7,104
7,104
7,104
7,104
7,104
7,104
7,104
7,104
7,104
7,104
7,104
7,104
7,104
7,104
7,104
7,104
7,104
7,104
7,104
7,104
7,104
7,104
7,104
7,104
7,104
7,104
7,104
7,104
7,104
7,104
7,104
7,104
7,104
7,104
7,104
7,104
7,104
7,104
7,104
7,104
7,104
7,104
7,104
7,104
7,104
7,104
7,104
7,104
7,104
7,104
7,104
7,104
7,104
7,104
7,104
7,104
7,104
7,104
7,104
7,104
7,104
7,104
7,104
7,104
7,104
7,104
7,104
7,104
7,104
7,104
7,104
7,104
7,104
7,104
7,104
7,104
7,104
7,104
7,104
7,104
7,104
7,104
7,104
7,104
7,104
7,104
7,104
7,104
7,104
7,104
7,104
7,104
7,104
7,104
7,104
7,104
7,104
7,104
7,104
7,104
7,104
7,104
7,104
7,104
7,104
7,104
7,104
7,104
7,104
7,104
7,104
7,104
7,104
7,104
7,104
7,104
7,104
7,104
7,104
7,104
7,104
7,104
7,104
7,104
7,104
7,104
7,104
7,104
7,104
7,104
7,104
7,104
7,104
7,104
7,104
7,104
7,104
7,104
7,104
7,104
7,104
7,104
7,104
7,104
7,104
7,104
7,104
7,104
7,104
7,104
7,104
7,104
7,104
7,104
7,104
7,104
7,104
7,104
7,104
7,104
7,104
7,104
7,104
7,104
7,104
7,104
7,104
7,104
7,104
7,104
13,109
13,109
13,109
13,109
13,109
13,109
13,109
13,109
13,109
13,109
13,109
13,109
13,109
13,109
13,109
13,109
13,109
13,109
13,109
13,109
13,109
13,109
13,109
13,109
13,109
13,109
13,109
13,109
13,109
13,109
13,109
13,109
13,109
13,109
13,109
13,109
13,109
13,109
13,109
13,109
13,109
13,109
13,109
13,109
13,109
13,109
13,109
13,109
13,109
13,109
13,109
13,109
13,109
13,109
13,109
13,109
13,109
13,109
13,109
13,109
13,109
13,109
13,109
13,109
13,109
13,109
13,109
13,109
13,109
13,109
13,109
13,109
13,109
13,109
13,109
13,109
13,109
13,109
13,109
13,109
13,109
13,109
13,109
13,109
13,109
13,109
13,109
13,109
13,109
13,109
13,109
13,109
13,109
13,109
13,109
13,109
13,109
13,109
13,109
13,109
13,109
13,109
13,109
13,109
13,109
13,109
13,109
13,109
13,109
13,109
13,109
13,109
13,109
13,109
13,109
13,109
13,109
13,109
13,109
13,109
13,109
13,109
13,109
13,109
13,109
13,109
13,109
13,109
13,109
13,109
13,109
13,109
13,109
13,109
13,109
13,109
13,109
13,109
13,109
13,109
13,109
13,109
13,109
13,109
13,109
13,109
13,109
13,109
13,109
13,109
13,109
13,109
13,109
13,109
13,109
13,109
13,109
13,109
13,109
13,109
13,109
13,109
13,109
13,109
13,109
13,109
13,109
13,109
13,109
13,109
13,109
13,109
13,109
13,109
13,109
13,109
13,109
13,109
13,109
13,109
13,109
13,109
13,109
13,109
13,109
13,109
13,109
13,109
13,109
13,109
13,109
13,109
13,109
13,109
13,109
13,109
13,109
9,113
9,113
9,113
9,113
9,113
9,113
9,113
9,113
9,113
9,113
9,113
9,113
9,113
9,113
9,113
9,113
9,113
9,113
9,113
9,113
9,113
9,113
9,113
9,113
9,113
9,113
9,113
9,113
9,113
9,113
9,113
9,113
9,113
9,113
9,113
9,113
9,113
9,113
9,113
9,113
9,113
9,113
9,113
9,113
9,113
9,113
9,113
9,113
9,113
9,113
1,116
1,116
1,116
1,116
1,116
1,116
1,116
1,116
1,116
1,116
1,116
1,116
1,116
1,116
1,116
1,116
1,116
1,116
1,116
1,116
1,116
1,116
1,116
1,116
1,116
1,116
1,116
1,116
1,116
1,116
1,116
1,116
1,116
1,116
1,116
1,116
1,116
1,116
1,116
1,116
1,116
1,116
1,116
1,116
1,116
1,116
1,116
1,116
1,116
1,116
1,116
1,116
1,116
1,116
1,116
1,116
1,116
1,116
1,116
1,116
1,116
1,116
1,116
1,116
1,116
1,116
1,116
1,116
1,116
1,116
1,116
1,116
1,116
1,116
1,116
1,116
1,116
1,116
1,116
1,116
1,116
1,116
1,116
1,116
1,116
1,116
1,116
1,116
1,116
1,116
1,116
1,116
1,116
1,116
1,116
1,116
1,116
1,116
1,116
1,116
1,116
1,116
1,116
1,116
1,116
1,116
1,116
1,116
1,116
1,116
1,116
1,116
1,116
1,116
1,116
1,116
1,116
1,116
1,116
1,116
1,116
1,116
1,116
1,116
1,116
1,116
1,116
1,116
1,116
1,116
1,116
1,116
1,116
1,116
1,116
1,116
1,116
1,116
1,116
1,116
1,116
1,116
1,116
1,116
1,116
1,116
1,116
1,116
1,116
1,116
1,116
1,116
1,116
1,116
1,116
1,116
1,116
1,116
1,116
1,116
1,116
1,116
1,116
1,116
1,116
1,116
1,116
1,116
1,116
1,116
1,116
1,116
1,116
1,116
12,124
12,124
12,124
12,124
12,124
12,124
12,125
12,125
9,128
9,128
9,128
9,128
9,128
9,128
9,128
9,128
9,128
9,128
9,128
9,128
9,128
9,128
9,128
9,128
9,128
9,128
9,128
9,128
9,128
9,128
9,128
9,128
9,128
9,128
9,128
9,128
9,128
9,128
9,128
9,128
9,128
9,128
9,128
9,128
9,128
9,128
9,128
9,128
9,128
9,128
9,128
9,128
9,128
9,128
9,128
9,128
9,128
9,128
9,128
9,128
9,128
9,128
9,128
9,128
9,128
9,128
9,128
9,128
9,128
9,128
11,132
11,132
11,132
11,132
11,132
11,132
11,132
11,132
11,132
11,132
11,132
11,132
11,132
11,132
11,132
11,132
11,132
11,132
11,132
11,132
11,132
11,132
11,132
11,132
11,132
11,132
11,132
11,132
11,132
11,132
11,132
11,132
11,132
11,132
11,132
11,132
11,132
11,132
11,132
11,132
11,132
11,132
11,132
11,132
11,132
11,132
11,132
11,132
11,132
11,132
11,132
11,132
11,132
11,132
11,132
11,132
11,132
11,132
11,132
11,132
11,132
11,132
11,132
11,132
11,132
11,132
11,132
11,132
11,132
11,132
11,132
11,132
11,132
11,132
11,132
7,137
7,137
7,137
7,137
7,137
7,137
7,137
7,137
7,137
7,137
7,137
7,137
7,137
7,137
7,137
7,137
7,137
7,137
7,137
7,137
7,137
7,137
7,137
7,137
7,137
7,137
7,137
7,137
7,137
7,137
7,137
7,137
7,137
7,137
7,137
7,137
7,137
7,137
7,137
7,137
7,137
7,137
7,137
7,137
7,137
7,137
7,137
7,137
7,137
7,137
7,137
7,137
7,137
7,137
7,137
7,137
7,137
7,137
7,137
7,137
7,137
7,137
7,137
7,137
7,137
7,137
7,137
7,137
7,137
7,137
7,137
7,137
7,137
7,137
7,137
7,137
7,137
7,137
7,137
7,137
9,138
9,138
9,138
9,138
9,138
9,138
9,138
9,138
9,138
9,138
9,138
9,138
9,138
9,138
9,138
9,138
9,138
9,138
9,138
9,138
9,138
9,138
9,138
9,138
9,138
9,138
9,138
9,138
9,138
9,138
9,138
9,138
9,138
9,138
9,138
9,138
9,138
9,138
9,138
9,138
12,150
12,150
12,150
12,150
12,150
12,150
12,150
12,150
12,150
12,150
12,150
12,150
12,150
12,150
12,150
11,151
11,151
11,151
11,151
11,151
11,151
11,151
11,151
11,151
11,151
11,151
11,151
11,151
11,151
11,151
11,151
11,151
11,151
11,151
11,151
11,151
11,151
11,151
11,151
11,151
11,151
11,151
11,151
11,151
11,151
11,151
11,151
11,151
11,151
11,151
11,151
11,151
11,151
11,151
11,151
11,151
11,151
11,151
15,152
15,152
15,152
15,152
15,152
15,152
15,152
15,152
15,152
15,152
15,152
15,152
15,152
15,152
15,152
15,152
15,152
15,152
15,152
15,152
15,152
15,152
15,152
15,152
15,152
15,152
15,152
15,152
15,152
15,152
15,152
15,152
15,152
15,152
15,152
15,152
15,152
15,152
15,152
15,152
15,152
15,152
15,152
15,152
15,152
15,152
15,153
15,153
15,153
15,153
15,153
15,153
15,153
15,153
15,153
15,153
15,153
15,153
15,153
15,153
15,153
15,153
15,153
15,153
15,153
15,153
15,153
15,153
15,153
15,153
15,153
15,153
15,153
15,153
15,153
15,153
15,153
15,153
15,153
15,153
15,153
15,153
15,153
15,153
15,153
15,153
15,153
15,153
15,153
15,153
15,153
15,153
15,153
15,153
15,153
15,153
15,153
15,153
15,153
15,153
15,153
15,153
15,153
15,153
15,153
15,153
15,153
15,153
15,153
15,153
15,153
15,153
15,153
15,153
15,153
15,153
15,153
15,153
15,153
15,153
15,153
15,153
15,153
15,153
15,153
15,153
15,153
15,153
15,153
15,153
15,153
15,153
15,153
15,153
15,153
15,153
15,153
15,153
15,153
15,153
15,153
15,153
15,153
15,153
15,153
15,153
15,153
15,153
15,153
15,153
15,153
15,153
15,153
15,153
15,153
15,153
15,153
15,153
15,153
15,153
15,153
15,153
15,153
15,153
15,153
15,153
15,153
15,153
15,153
15,153
15,153
15,153
15,153
15,153
15,153
15,153
15,153
15,153
15,153
15,153
15,153
15,153
15,153
15,153
15,153
15,153
15,153
15,153
15,153
15,153
15,153
15,153
15,153
15,153
15,153
15,153
15,153
15,153
15,153
15,153
15,153
15,153
15,153
15,153
15,153
15,153
15,153
15,153
15,153
15,153
15,153
15,153
15,153
15,153
15,153
15,153
15,153
15,153
15,153
15,153
15,153
15,153
15,153
15,153
15,153
15,153
15,153
10,154
10,154
10,154
10,154
10,154
10,154
10,154
10,154
10,154
10,154
10,154
10,154
10,154
10,154
10,154
10,154
10,154
10,154
10,154
10,154
10,154
10,154
10,154
10,154
10,154
10,154
10,154
10,154
10,154
10,154
10,154
10,154
10,154
10,154
10,154
10,154
10,154
10,154
10,154
10,154
10,154
10,154
10,154
10,154
10,154
10,154
10,154
10,154
10,154
10,154
10,154
10,154
10,154
10,154
10,154
10,154
10,154
10,154
10,154
10,154
10,154
10,154
10,154
10,154
10,154
10,154
10,154
10,154
10,154
10,154
10,154
10,154
10,154
10,154
10,154
10,154
13,155
13,155
13,155
13,155
13,155
13,155
13,155
13,155
13,155
13,155
13,155
13,155
13,155
13,155
13,155
13,155
13,155
13,155
13,155
13,155
13,155
13,155
13,155
13,155
13,155
13,155
13,155
13,155
13,155
13,155
13,155
13,155
13,155
13,155
13,155
13,155
13,155
13,155
13,155
13,155
13,155
13,155
13,155
13,155
13,155
13,155
13,155
13,155
13,155
13,155
13,155
13,155
13,155
13,155
13,155
13,155
13,155
13,155
13,155
13,155
13,155
13,155
13,155
13,155
13,155
13,155
13,155
13,155
13,155
13,155
13,155
13,155
13,155
13,155
13,155
13,155
13,155
13,155
13,155
13,155
13,155
13,155
13,155
13,155
13,155
13,155
13,155
13,155
12,158
12,158
12,158
12,158
12,158
12,158
12,158
12,158
12,158
12,158
12,158
12,158
12,158
12,158
12,158
12,158
12,158
12,158
12,158
12,158
12,158
12,158
12,158
12,158
12,158
12,158
12,158
12,158
12,158
12,158
12,158
12,158
3,162
3,162
3,162
3,162
3,162
3,162
3,162
3,162
3,162
3,162
3,162
3,162
3,162
3,162
3,162
3,162
3,162
3,162
3,162
3,162
3,162
3,162
3,162
3,162
3,162
3,162
3,162
3,162
3,162
3,162
3,162
3,162
3,162
3,162
3,162
3,162
3,162
3,162
3,162
3,162
3,162
3,162
3,162
3,162
3,162
3,162
3,162
3,162
3,162
3,162
3,162
3,162
3,162
3,162
3,162
3,162
3,162
3,162
3,162
3,162
3,162
3,162
3,162
3,162
3,162
3,162
3,162
3,162
3,162
3,162
3,162
3,162
3,162
3,162
3,162
3,162
3,162
3,162
3,162
3,162
3,162
3,162
3,162
3,162
3,162
3,162
3,162
3,162
3,162
3,162
3,162
3,162
3,162
3,162
3,162
3,162
3,162
3,162
3,162
3,162
3,162
3,162
3,162
3,162
3,162
3,162
3,162
3,162
3,162
3,162
3,162
12,168
12,168
12,168
12,168
12,168
12,168
12,168
12,168
12,168
12,168
12,168
12,168
8,172
8,172
8,172
8,172
8,172
8,172
8,172
8,172
8,172
8,172
8,172
8,172
8,172
8,172
8,172
8,172
8,172
8,172
8,172
8,172
8,172
8,172
8,172
8,172
8,172
8,172
8,172
8,172
8,172
8,172
8,172
8,172
8,172
8,172
8,172
8,172
8,172
8,172
8,172
8,172
8,172
8,172
8,172
8,172
8,172
8,172
8,172
8,172
8,172
8,172
8,172
8,172
8,172
8,172
8,172
8,172
8,172
8,172
8,172
8,172
8,172
8,172
8,172
8,172
8,172
8,172
9,173
9,173
9,173
9,173
9,173
9,173
9,173
9,173
9,173
9,173
9,173
9,173
9,173
9,173
9,173
9,173
8,174
8,174
8,174
8,174
8,174
8,174
8,174
8,174
8,174
8,174
8,174
8,174
8,174
8,174
8,174
8,174
8,174
8,174
8,174
8,174
8,174
8,174
8,174
8,174
8,174
8,174
8,174
8,174
8,174
8,174
8,174
8,174
8,174
8,174
8,174
8,174
8,174
8,174
8,174
8,174
8,174
8,174
8,174
8,174
8,174
8,174
8,174
8,174
8,174
8,174
8,174
8,174
8,174
8,174
8,174
8,174
8,174
8,174
8,174
8,174
8,174
8,174
8,174
8,174
8,174
8,174
8,174
8,174
7,175
7,175
7,175
7,175
7,175
7,175
7,175
7,175
7,175
7,175
7,175
7,175
7,175
7,175
7,175
7,175
7,175
7,175
7,175
7,175
7,175
7,175
7,175
7,175
7,175
7,175
7,175
7,175
7,175
7,175
7,175
7,175
7,175
7,175
7,175
7,175
7,175
7,175
7,175
7,175
7,175
7,175
7,175
7,175
7,175
7,175
7,175
7,175
7,175
7,175
7,175
7,175
7,175
7,175
7,175
7,175
7,175
7,175
7,175
7,175
5,176
5,176
5,176
5,176
5,176
5,176
5,176
5,176
5,176
5,176
5,176
5,176
5,176
5,176
5,176
5,176
5,176
5,176
5,176
5,176
5,176
5,176
5,176
5,176
5,176
5,176
5,176
5,176
5,176
5,176
5,176
5,176
5,176
5,176
5,176
5,176
5,176
5,176
5,176
5,176
5,176
5,176
5,176
5,176
5,176
5,176
5,176
5,176
5,176
5,176
5,176
5,176
5,176
5,176
5,176
5,176
5,176
5,176
5,176
5,176
5,176
5,176
5,176
5,176
5,176
5,176
5,176
5,176
5,176
5,176
5,176
5,176
5,176
5,176
5,176
5,176
5,176
5,176
15,178
15,178
15,178
15,178
15,178
15,178
15,178
15,178
15,178
15,178
15,178
15,178
15,178
15,178
15,178
15,178
15,178
15,178
15,178
15,178
15,178
15,178
15,178
15,178
15,178
15,178
15,178
15,178
10,180
10,180
10,180
10,180
10,180
10,180
10,180
10,180
10,180
10,180
10,180
10,180
10,180
10,180
10,180
10,180
10,180
10,180
10,180
10,180
10,180
10,180
10,180
10,180
10,180
10,180
10,180
10,180
10,180
10,180
10,180
10,180
10,180
10,180
10,180
10,180
10,180
10,180
10,180
10,180
10,180
10,180
10,180
10,180
10,180
10,180
10,180
10,180
10,180
10,180
10,180
10,180
10,180
10,180
4,181
4,181
4,181
4,181
4,181
4,181
4,181
4,181
4,181
4,181
4,181
4,181
4,181
4,181
4,181
4,181
4,181
4,181
4,181
4,181
4,181
4,181
4,181
4,181
4,181
4,181
4,181
4,181
4,181
4,181
4,181
4,181
4,181
4,181
4,181
4,181
4,181
4,181
4,181
4,181
4,181
4,181
4,181
4,181
4,181
4,181
4,181
4,181
4,181
4,181
4,181
4,181
4,181
4,181
4,181
4,181
4,181
4,181
4,181
6,186
6,186
6,186
6,186
6,186
6,186
6,186
6,186
6,186
6,186
6,186
6,186
6,186
6,186
6,186
6,186
6,186
6,186
6,186
6,186
6,186
6,186
6,186
6,186
6,186
6,186
6,186
6,186
6,186
6,186
6,186
12,187
12,187
12,187
12,187
12,187
12,187
12,187
12,187
12,187
12,187
12,187
12,187
12,187
12,187
12,187
12,187
12,187
12,187
12,187
12,187
12,187
12,187
12,187
17,191
17,191
17,191
17,191
17,191
17,191
17,191
17,191
17,191
17,191
17,191
17,191
17,191
17,191
17,191
17,191
17,191
17,191
10,192
10,192
10,192
10,192
10,192
10,192
10,192
10,192
10,192
10,192
10,192
10,192
10,192
10,192
10,192
9,193
9,193
9,193
9,193
9,193
9,193
9,193
9,193
9,193
9,193
9,193
9,193
9,193
9,193
9,193
9,193
9,193
9,193
9,193
9,193
9,193
9,193
15,195
15,195
15,195
15,195
15,195
15,195
15,195
15,195
15,195
15,195
15,195
15,195
15,195
15,195
15,195
15,195
15,195
15,195
15,195
15,195
15,195
15,195
15,195
15,195
15,195
15,195
15,195
15,195
15,195
15,195
2,198
2,198
12,199
12,199
12,199
12,199
12,199
12,199
12,199
12,199
12,199
12,199
16,200
16,200
16,200
18,201
18,201
18,201
18,201
18,201
18,201
18,201
18,201
18,201
18,201
18,201
18,201
14,205
14,205
14,205
14,205
14,205
14,205
14,205
14,205
14,205
14,205
14,205
14,205
14,205
14,205
14,205
14,211
14,211
14,211
14,211
14,211
14,211
14,211
14,211
14,211
14,211
14,211
14,211
14,211
14,211
14,211
14,211
14,211
14,211
14,211
14,211
14,211
14,211
14,211
14,211
14,211
14,211
14,211
14,211
14,211
14,211
14,211
14,211
14,211
14,211
14,211
14,211
14,211
14,211
14,211
14,211
14,211
14,211
14,211
14,211
14,211
14,211
14,211
14,211
14,211
14,211
14,211
14,211
14,211
14,211
14,211
14,211
14,211
14,211
14,211
14,211
14,211
14,211
14,211
14,211
14,211
14,211
14,211
14,211
14,211
14,211
14,211
14,211
14,211
14,211
14,211
14,211
14,211
14,211
14,211
14,211
14,211
14,211
14,211
14,211
14,211
14,211
14,211
14,211
14,211
14,211
14,211
14,211
14,211
14,211
14,211
14,211
14,211
14,211
14,211
14,211
14,211
14,211
14,211
14,211
14,211
14,211
14,211
14,211
14,211
14,211
14,211
14,211
14,211
14,211
14,211
14,211
14,211
14,211
14,211
14,211
14,211
14,211
14,211
14,211
14,211
14,211
14,211
14,211
14,211
14,211
14,211
14,211
14,211
14,211
14,211
14,211
14,211
14,211
14,211
14,211
14,211
14,211
14,211
14,211
14,211
14,211
14,211
14,211
14,211
14,211
14,211
14,211
14,211
14,211
14,211
14,211
14,211
14,211
14,211
14,211
14,211
14,211
14,211
14,211
14,211
14,211
14,211
14,211
14,211
14,211
14,211
14,211
14,211
14,211
14,211
14,211
14,211
14,211
14,211
14,211
14,211
14,211
14,211
14,211
14,211
14,211
14,211
14,211
14,211
14,211
14,211
14,211
14,211
14,211
14,211
14,211
10,217
10,217
10,217
10,217
10,217
10,217
10,217
10,217
10,217
10,217
10,217
10,217
10,217
10,217
10,217
10,217
10,217
10,217
10,217
10,217
10,217
10,217
10,217
10,217
10,217
10,217
10,217
10,217
10,217
10,217
10,217
10,217
10,217
10,217
10,217
10,217
10,217
10,217
10,217
10,217
10,217
10,217
10,217
10,217
10,217
10,217
10,217
10,217
10,217
10,217
10,217
10,217
10,217
10,217
10,217
10,217
10,217
10,217
10,217
14,219
14,219
14,219
14,219
14,219
14,219
14,219
14,219
14,219
14,219
14,219
14,219
14,219
14,219
14,219
14,219
14,219
14,219
14,219
14,219
19,220
19,220
19,220
19,220
19,220
19,220
19,220
19,220
19,220
19,220
19,220
19,220
19,220
19,220
19,220
19,220
19,220
19,220
19,220
19,220
19,220
19,220
19,220
19,220
19,220
19,220
19,220
19,220
19,220
19,220
19,220
19,220
19,220
19,220
19,220
19,220
19,220
19,220
19,220
19,220
19,220
19,220
19,220
19,220
19,220
19,220
19,220
19,220
19,220
19,220
19,220
19,220
19,220
19,220
19,220
19,220
19,220
19,220
19,220
19,220
19,220
19,220
19,220
19,220
19,220
19,220
19,220
19,220
19,220
19,220
19,220
19,220
19,220
19,220
19,220
19,220
19,220
19,220
19,220
19,220
19,220
19,220
19,220
19,220
19,220
19,220
19,220
19,220
19,220
19,220
19,220
19,220
19,220
19,220
19,220
19,220
19,220
19,220
19,220
19,220
19,220
19,220
19,220
19,220
19,220
19,220
19,220
19,220
19,220
19,220
19,220
19,220
19,220
19,220
19,220
19,220
19,220
19,220
19,220
19,220
19,220
19,220
19,220
19,220
19,220
19,220
19,220
19,220
19,220
19,220
19,220
19,220
19,220
19,220
19,220
19,220
19,220
19,220
19,220
19,220
19,220
19,220
19,220
19,220
19,220
19,220
19,220
19,220
19,220
19,220
19,220
19,220
19,220
19,220
19,220
19,220
19,220
19,220
19,220
19,220
19,220
19,220
19,220
19,220
19,220
19,220
19,220
19,220
19,220
19,220
19,220
19,220
19,220
19,220
19,220
19,220
19,220
19,220
19,220
19,220
19,220
19,220
19,220
19,220
19,220
19,220
19,220
19,220
19,220
19,220
19,220
19,220
19,220
19,220
19,220
19,220
19,220
19,220
19,220
19,220
19,220
19,220
19,220
19,220
19,220
19,220
19,220
19,220
19,220
19,220
19,220
19,220
19,220
19,220
19,220
19,220
19,220
19,220
19,220
19,220
19,220
19,220
19,220
19,220
19,220
19,220
19,220
19,220
19,220
19,220
19,220
19,220
19,220
19,220
11,221
11,221
11,221
11,221
11,221
11,221
11,221
11,221
11,221
11,221
11,221
11,221
11,221
11,221
11,221
11,221
11,221
11,221
11,221
11,221
11,221
11,221
11,221
11,221
11,221
11,221
11,221
11,221
11,221
11,221
11,221
11,221
11,221
11,221
11,221
11,221
11,221
11,221
11,221
11,221
11,221
11,221
11,221
11,221
11,221
11,221
11,221
11,221
11,221
11,221
11,221
11,221
11,221
11,221
11,221
11,221
11,221
11,221
15,222
15,222
15,222
15,222
15,222
15,222
15,222
15,222
15,222
15,222
15,222
15,222
15,222
15,222
15,222
15,222
15,222
15,222
15,222
15,222
15,222
15,222
15,222
15,222
15,222
15,222
15,222
15,222
15,222
15,222
15,222
15,222
15,222
15,222
15,222
15,222
15,222
15,222
15,222
17,223
17,223
17,223
17,223
17,223
17,223
17,223
17,223
17,223
17,223
17,223
17,223
17,223
17,223
17,223
17,223
17,223
17,223
17,223
17,223
17,223
17,223
17,223
17,223
17,223
17,223
17,223
17,223
17,223
17,223
17,223
17,223
17,223
17,223
17,223
13,224
13,224
13,224
13,224
13,224
13,224
13,224
13,224
13,224
13,224
13,224
13,224
13,224
13,224
13,224
13,224
13,224
13,224
13,224
13,224
13,224
13,224
13,224
13,224
13,224
13,224
13,224
13,224
13,224
13,224
13,224
13,224
13,224
13,224
13,224
13,224
13,224
13,224
13,224
13,224
13,224
13,224
13,224
13,224
13,224
13,224
13,224
13,224
13,224
13,224
13,224
13,224
13,224
13,224
13,224
13,224
13,224
13,224
13,224
14,225
14,225
14,225
14,225
14,225
14,225
14,225
14,225
14,225
14,225
14,225
14,225
14,225
14,225
14,225
14,225
14,225
14,225
14,225
14,225
14,225
14,225
14,225
14,225
14,225
14,225
14,225
14,225
14,225
14,225
14,225
14,225
14,225
14,225
14,225
14,225
14,225
14,225
14,225
14,225
14,225
14,225
14,225
14,225
14,225
14,225
14,225
14,225
14,225
14,225
14,225
14,225
14,225
14,225
14,225
14,225
14,225
14,225
14,225
14,225
14,225
14,225
14,225
14,225
14,225
14,225
14,225
14,225
14,225
14,225
14,225
14,225
14,225
14,225
14,225
14,225
14,225
14,225
14,225
14,225
14,225
14,225
14,225
14,225
14,225
14,225
14,225
14,225
14,225
14,225
14,225
14,225
14,225
14,225
14,225
14,225
14,225
14,225
14,225
14,225
14,225
14,225
14,225
14,225
14,225
14,225
14,225
14,225
14,225
14,225
14,225
14,225
14,225
14,225
14,225
14,225
14,225
14,225
14,225
14,225
14,225
14,225
14,225
14,225
14,225
14,225
14,225
14,225
14,225
14,225
14,225
14,225
14,225
14,225
14,225
14,225
14,225
14,225
14,225
14,225
14,225
14,225
14,225
14,225
14,225
14,225
14,225
14,225
14,225
14,225
14,225
14,225
14,225
14,225
14,225
14,225
14,225
14,225
14,225
14,225
14,225
14,225
14,225
14,225
14,225
14,225
14,225
14,225
14,225
14,225
14,225
14,225
14,225
14,225
14,225
14,225
14,225
14,225
14,225
14,225
14,225
14,225
14,225
14,225
14,225
14,225
14,225
14,225
14,225
14,225
14,225
14,225
14,225
14,225
14,225
14,225
14,225
14,225
14,225
14,225
14,225
14,225
14,225
14,225
14,225
14,225
14,225
14,225
14,225
14,225
14,225
14,225
14,225
18,226
18,226
18,226
18,226
18,226
18,226
18,226
18,226
18,226
18,226
18,226
18,226
18,226
18,226
18,226
18,226
18,226
18,226
18,226
15,227
15,227
15,227
15,227
15,227
15,227
15,227
15,227
15,227
15,227
15,227
15,227
15,227
15,227
15,227
15,227
15,227
15,227
15,227
15,227
15,227
15,227
15,227
15,227
15,227
15,227
15,227
15,227
15,227
15,227
15,227
15,227
15,227
15,227
2,228
2,228
2,228
2,228
2,228
2,228
2,228
2,228
2,228
2,228
2,228
2,228
2,228
2,228
2,228
2,228
2,228
2,228
2,228
2,228
2,228
2,228
2,228
2,228
2,228
2,228
2,228
2,228
2,228
2,228
2,228
2,228
2,228
2,228
2,228
2,228
2,228
2,228
2,228
2,228
2,228
2,228
2,228
2,228
2,228
2,228
2,228
2,228
2,228
2,228
2,228
2,228
2,228
2,228
2,228
2,228
2,228
2,228
2,228
2,228
2,228
2,228
2,228
2,228
2,228
2,228
2,228
2,228
2,228
2,228
2,228
2,228
2,228
2,228
2,228
2,228
2,228
2,228
2,228
2,228
2,228
2,228
2,228
2,228
2,228
2,228
2,228
2,228
2,228
2,228
2,228
2,228
2,228
2,228
2,228
2,228
2,228
2,228
2,228
2,228
2,228
2,228
2,228
2,228
2,228
2,228
2,228
2,228
2,228
2,228
2,228
2,228
2,228
2,228
2,228
2,228
2,228
2,228
2,228
2,228
2,228
2,228
2,228
2,228
2,228
2,228
2,228
2,228
2,228
2,228
2,228
2,228
2,228
2,228
2,228
2,228
2,228
2,228
2,228
2,228
2,228
2,228
2,228
2,228
2,228
2,228
2,228
2,228
2,228
2,228
2,228
2,228
2,228
2,228
9,229
9,229
9,229
9,229
9,229
9,229
9,229
9,229
9,229
9,229
9,229
9,229
9,229
9,229
9,229
9,229
9,229
9,229
9,229
9,229
9,229
9,229
9,229
9,229
9,229
9,229
9,229
9,229
9,229
9,229
9,229
9,229
9,229
9,229
9,229
9,229
9,229
9,229
9,229
9,229
9,229
9,229
9,229
9,229
9,229
9,229
9,229
9,229
9,229
9,229
9,229
9,229
9,229
9,229
9,229
9,229
9,229
9,229
9,229
9,229
9,229
9,229
9,229
9,229
9,229
9,229
9,229
9,229
9,229
9,229
9,229
9,229
9,229
9,229
9,229
9,229
9,229
9,229
9,229
9,229
9,229
9,229
9,229
9,229
9,229
9,229
9,229
9,229
9,229
9,229
9,229
9,229
9,229
9,229
9,229
9,229
9,229
9,229
9,229
9,229
9,229
9,229
9,229
9,229
9,229
9,229
9,229
9,229
9,229
9,229
9,229
9,229
17,232
17,232
17,232
17,232
17,232
17,232
17,232
17,232
17,232
17,232
17,232
17,232
17,232
17,232
17,232
17,232
17,232
17,232
17,232
13,233
13,233
13,233
13,233
13,233
13,233
13,233
13,233
13,233
13,233
13,233
13,233
13,233
13,233
13,233
13,233
13,233
13,233
13,233
13,233
13,233
13,233
13,233
13,233
13,233
13,233
13,233
13,233
13,233
13,233
13,233
13,233
13,233
13,233
13,233
13,233
13,233
13,233
13,233
13,233
13,233
13,233
13,233
13,233
13,233
13,233
13,233
13,233
13,233
13,233
13,233
13,233
13,233
13,233
13,233
13,233
13,233
13,233
13,233
13,233
13,233
13,233
13,233
13,233
13,233
13,233
13,233
13,233
13,233
13,233
13,233
13,233
13,233
13,233
13,233
13,233
13,233
13,233
13,233
13,233
13,233
13,233
13,233
13,233
13,233
13,233
13,233
13,233
13,233
13,233
13,233
13,233
13,233
13,233
13,233
13,233
13,233
13,233
13,233
13,233
13,233
13,233
13,233
13,233
13,233
13,233
13,233
13,233
13,233
13,233
13,233
13,233
13,233
13,233
13,233
13,233
13,233
13,233
13,233
13,233
13,233
13,233
13,233
13,233
13,233
13,233
13,233
13,233
13,233
13,233
13,233
13,233
13,233
13,233
13,233
13,233
13,233
13,233
13,233
13,233
13,233
13,233
13,233
13,233
13,233
13,233
13,233
13,233
13,233
13,233
13,233
13,233
13,233
13,233
13,233
13,233
13,233
13,233
13,233
13,233
13,233
13,233
13,233
13,233
13,233
13,233
13,233
13,233
13,233
13,233
13,233
13,233
13,233
13,233
13,233
5,234
5,234
5,234
5,234
5,234
5,234
5,234
5,234
5,234
5,234
5,234
5,234
5,234
5,234
5,234
5,234
5,234
5,234
5,234
5,234
5,234
5,234
5,234
5,234
5,234
5,234
5,234
5,234
5,234
5,234
5,234
5,234
5,234
5,234
5,234
5,234
5,234
5,234
5,234
5,234
9,235
9,235
9,235
9,235
9,235
9,235
9,235
9,235
9,235
9,235
9,235
9,235
9,235
9,235
9,235
9,235
9,235
9,235
9,235
9,235
9,235
9,235
9,235
9,235
9,235
9,235
9,235
9,235
9,235
9,235
9,235
9,235
9,235
9,235
9,235
9,235
9,235
9,235
9,235
9,235
9,235
9,235
9,235
9,235
9,235
9,235
9,235
9,235
9,235
9,235
9,235
9,235
9,235
9,235
9,235
9,235
9,235
9,235
9,235
9,235
9,235
9,235
9,235
9,235
9,235
9,235
9,235
9,235
9,235
9,235
9,235
9,235
9,235
9,235
9,235
9,235
9,235
9,235
9,235
9,235
9,235
9,235
9,235
9,235
9,235
9,235
9,235
9,235
9,235
9,235
9,235
9,235
9,235
9,235
9,235
9,235
9,235
9,235
9,235
9,235
9,235
9,235
9,235
9,235
9,235
9,235
9,235
9,235
9,235
9,235
9,235
9,235
9,235
9,235
9,235
9,235
9,235
9,235
9,235
9,235
9,235
9,235
9,235
9,235
9,235
9,235
9,235
9,235
9,235
9,235
9,235
9,235
9,235
9,235
9,235
9,235
9,235
9,235
9,235
9,235
9,235
9,235
9,235
9,235
9,235
9,235
9,235
9,235
9,235
9,235
9,235
9,235
9,235
9,235
9,235
9,235
9,235
9,235
9,235
9,235
9,235
9,235
9,235
9,235
9,235
9,235
9,235
9,235
9,235
9,235
9,235
9,235
9,235
9,235
9,235
15,236
15,236
15,236
15,236
15,236
15,236
15,236
15,236
15,236
15,236
15,236
15,236
15,236
14,237
14,237
14,237
14,237
14,237
11,238
11,238
11,238
11,238
11,238
11,238
11,238
11,238
11,238
11,238
11,238
11,238
11,238
11,238
11,238
11,238
11,238
11,238
11,238
11,238
11,238
11,238
11,238
11,238
11,238
11,238
11,238
11,238
11,238
11,238
11,238
11,238
11,238
11,238
11,238
11,238
11,238
16,239
16,239
16,239
16,239
16,239
16,239
16,239
16,239
16,239
16,239
16,239
16,239
16,239
16,239
16,239
16,239
16,239
16,239
16,239
16,239
16,239
16,239
16,239
16,239
16,239
16,239
16,239
16,239
16,239
16,239
16,239
16,239
16,239
16,239
16,239
16,239
16,239
16,239
16,239
10,241
10,241
10,241
10,241
10,241
10,241
10,241
10,241
10,241
10,241
10,241
10,241
10,241
10,241
10,241
10,241
10,241
10,241
10,241
10,241
10,241
10,241
10,241
10,241
10,241
10,241
10,241
10,241
10,241
10,241
10,241
10,241
10,241
10,241
10,241
10,241
10,241
10,241
10,241
10,241
10,241
10,241
16,242
16,242
16,242
16,242
16,242
16,242
16,242
16,242
16,242
16,242
16,242
16,242
16,242
16,242
16,242
16,242
16,242
16,242
16,242
16,242
16,242
16,242
16,242
16,242
16,242
16,242
16,242
16,242
16,242
16,242
16,242
16,242
16,242
16,242
16,242
16,242
16,242
16,242
16,242
16,242
16,242
16,242
16,242
16,242
16,242
16,242
16,242
16,242
16,242
16,242
16,242
16,242
16,242
16,242
16,242
16,242
16,242
16,242
16,242
16,242
16,242
16,242
16,242
16,242
16,242
16,242
16,242
16,242
16,242
16,242
16,242
16,242
16,242
16,242
16,242
16,242
16,242
16,242
16,242
16,242
16,242
16,242
16,242
16,242
16,242
16,242
16,242
16,242
16,242
16,242
16,242
16,242
16,242
16,242
16,242
16,242
16,242
16,242
16,242
16,242
16,242
16,242
16,242
16,242
16,242
16,242
16,242
16,242
16,242
16,242
16,242
16,242
16,242
16,242
16,242
16,242
16,242
16,242
16,242
16,242
16,242
16,242
16,242
12,244
12,244
12,244
12,244
12,244
12,244
12,244
12,244
12,244
12,244
12,244
12,244
12,244
12,244
12,244
12,244
12,244
12,244
12,244
12,244
12,244
12,244
12,244
12,244
12,244
12,244
12,244
12,244
12,244
12,244
12,244
12,244
12,244
12,244
12,244
12,244
12,244
12,244
12,244
12,244
12,244
12,244
12,244
12,244
12,244
12,244
12,244
12,244
12,244
12,244
12,244
12,244
12,244
12,244
12,244
12,244
12,244
12,244
12,244
12,244
12,244
12,244
14,245
14,245
14,245
14,245
14,245
14,245
14,245
14,245
14,245
14,245
14,245
14,245
14,245
14,245
14,245
14,245
14,245
14,245
14,245
14,245
14,245
14,245
14,245
14,245
14,245
14,245
14,245
14,245
14,245
14,245
14,245
14,245
14,245
14,245
14,245
14,245
14,245
14,245
14,245
14,245
14,245
14,245
14,245
14,245
14,245
14,245
14,245
14,245
14,245
14,245
14,245
14,245
14,245
14,245
14,245
14,245
14,245
14,245
14,245
14,245
14,245
14,245
14,245
14,245
14,245
14,245
14,245
14,245
14,245
14,245
14,245
14,245
14,245
14,245
14,245
14,245
14,245
14,245
14,245
14,245
14,245
14,245
14,245
14,245
14,245
14,245
14,245
14,245
14,245
14,245
14,245
14,245
14,245
14,245
14,245
14,245
14,245
14,245
14,245
14,245
14,245
14,245
14,245
14,245
14,245
14,245
14,245
14,245
14,245
14,245
14,245
14,245
14,245
14,245
14,245
14,245
14,245
14,245
14,245
14,245
13,246
13,246
13,246
13,246
13,246
13,246
13,246
13,246
13,246
13,246
13,246
13,246
13,246
13,246
13,246
13,246
13,246
13,246
13,246
13,246
13,246
13,246
13,246
13,246
13,246
13,247
13,247
13,247
13,247
13,247
13,247
13,247
13,247
13,247
13,247
13,247
13,247
13,247
13,247
13,247
13,247
13,247
13,247
13,247
13,247
13,247
13,247
13,247
13,247
13,247
13,247
13,247
13,247
13,247
13,247
13,247
13,247
13,247
13,247
13,247
13,247
13,247
13,247
13,247
13,247
13,247
13,247
13,247
13,247
13,247
13,247
13,247
13,247
13,247
13,247
13,247
13,247
13,247
13,247
13,247
13,247
13,247
13,247
13,247
13,247
13,247
13,247
13,247
13,247
13,247
13,247
13,247
13,247
13,247
13,247
13,247
13,247
13,247
13,247
13,247
13,247
13,247
13,247
13,247
13,247
13,247
13,247
13,247
13,247
13,247
13,247
13,247
13,247
13,247
13,247
13,247
13,247
13,247
13,247
13,247
13,247
13,247
13,247
13,247
13,247
13,247
13,247
13,247
13,247
13,247
13,247
13,247
13,247
13,247
13,247
13,247
13,247
13,247
13,247
13,247
12,249
12,249
12,249
12,249
12,249
12,249
12,249
12,249
12,249
12,249
12,249
12,249
12,249
12,249
12,249
12,249
12,249
12,249
12,249
12,249
12,249
12,249
12,249
12,249
12,249
12,249
12,249
12,249
12,249
12,249
12,249
12,249
12,249
12,249
12,249
12,249
12,249
12,249
12,249
12,249
12,249
12,249
12,249
12,249
12,249
12,249
12,249
12,249
12,249
12,249
12,249
12,249
12,249
12,249
12,249
12,249
12,249
12,249
12,249
12,249
12,249
12,249
12,249
12,249
12,249
12,249
12,249
12,249
12,249
12,249
12,249
12,249
12,249
12,249
12,249
12,249
12,249
12,249
12,249
12,249
12,249
12,249
12,249
12,249
12,249
12,249
12,249
12,249
12,249
12,249
12,249
12,249
12,249
12,249
16,250
16,250
16,250
16,250
16,250
16,250
16,250
16,250
16,250
16,250
16,250
16,250
16,250
16,250
16,250
16,250
16,250
16,250
16,250
16,250
16,250
16,250
16,250
16,250
16,250
16,250
16,250
16,250
16,250
16,250
16,250
16,250
16,250
16,250
16,250
16,250
16,250
16,250
16,250
16,250
16,250
16,250
16,250
16,250
16,250
16,250
16,250
16,250
16,250
16,250
16,250
16,250
16,250
16,250
16,250
16,250
16,250
16,250
16,250
16,250
16,250
16,250
16,250
16,250
16,250
16,250
16,250
16,250
16,250
16,250
16,250
16,250
16,250
16,250
16,250
16,250
16,250
16,250
16,250
16,250
16,250
16,250
16,250
16,250
16,250
16,250
16,250
16,250
16,250
16,250
16,250
16,250
16,250
16,250
14,251
14,251
14,251
14,251
14,251
14,251
14,251
14,251
14,251
14,251
14,251
14,251
14,251
14,251
14,251
14,251
14,251
14,251
14,251
14,251
14,251
14,251
14,251
14,251
14,251
14,251
14,251
14,251
14,251
14,251
14,251
14,251
14,251
14,251
14,251
14,251
14,251
14,251
14,251
14,251
14,251
14,251
14,251
14,251
14,251
14,251
14,251
14,251
14,251
14,251
14,251
14,251
14,251
14,251
14,251
14,251
14,251
14,251
14,251
14,251
14,251
14,251
14,251
14,251
14,251
14,251
14,251
14,251
14,251
14,251
14,251
11,252
11,252
11,252
11,252
11,252
11,252
11,252
11,252
11,252
11,252
11,252
11,252
11,252
11,252
11,252
11,252
11,252
11,252
11,252
11,252
11,252
11,252
11,252
11,252
11,252
11,252
11,252
11,252
11,252
11,252
11,252
11,252
11,252
11,252
11,252
11,252
11,252
11,252
11,252
11,252
11,252
11,252
11,252
11,252
11,252
11,252
11,252
11,252
11,252
11,252
11,252
11,252
11,252
11,252
11,252
11,252
11,252
11,252
11,252
11,252
11,252
17,253
17,253
16,254
9,255
9,255
9,255
9,255
9,255
9,255
9,255
9,255
9,255
9,255
9,255
9,255
9,255
9,255
9,255
9,255
9,255
9,255
9,255
9,255
9,255
9,255
9,255
9,255
9,255
9,255
9,255
9,255
9,255
9,255
9,255
9,255
9,255
9,255
9,255
9,255
9,255
9,255
9,255
9,255
9,255
9,255
9,255
9,255
9,255
9,255
9,255
9,255
9,255
9,255
9,255
9,255
9,255
9,255
9,255
9,255
16,257
16,257
16,257
16,257
16,257
16,257
16,257
16,257
16,257
16,257
16,257
16,257
16,257
16,257
16,257
16,257
16,257
16,257
16,257
16,257
16,257
16,257
16,257
16,257
16,257
16,257
16,257
16,257
16,257
16,257
16,257
16,257
16,257
16,257
16,257
16,257
16,257
16,257
16,257
16,257
16,257
16,257
16,257
16,257
10,258
10,258
10,258
10,258
10,258
10,258
10,258
10,258
10,258
10,258
10,258
10,258
10,258
10,258
10,258
10,258
10,258
10,258
10,258
10,258
10,258
10,258
10,258
10,258
10,258
10,258
10,258
10,258
10,258
10,258
10,258
10,258
10,258
10,258
9,259
9,259
9,259
9,259
9,259
9,259
9,259
9,259
9,259
9,259
9,259
12,261
12,261
12,261
12,261
12,261
12,261
12,261
12,261
12,261
12,261
12,261
12,261
